{
  "run_dir": "<repo>/results/sql/minimax_MiniMax-M2.7_20260419_160647",
  "judge": "minimax",
  "metrics": {
    "total": 203,
    "correct": 147,
    "wrong": 48,
    "abstained": 1,
    "errors": 7,
    "accuracy": 0.7538461538461538,
    "abstention_rate": 0.00510204081632653,
    "faithfulness_rate": 0.8652849740932642,
    "completeness_rate": 0.8645833333333334,
    "transparency_rate": 0.8974358974358975,
    "relevance_rate": 0.9846153846153847,
    "total_input_tokens": 420413,
    "total_output_tokens": 184707,
    "total_duration": 6168.97,
    "by_category": {
      "1": {
        "count": 37,
        "correct": 26,
        "wrong": 9,
        "abstained": 0,
        "accuracy": 0.7428571428571429
      },
      "2": {
        "count": 101,
        "correct": 65,
        "wrong": 31,
        "abstained": 0,
        "accuracy": 0.6770833333333334
      },
      "3": {
        "count": 22,
        "correct": 17,
        "wrong": 5,
        "abstained": 0,
        "accuracy": 0.7727272727272727
      },
      "4": {
        "count": 43,
        "correct": 39,
        "wrong": 3,
        "abstained": 1,
        "accuracy": 0.9285714285714286
      }
    }
  }
}