{
  "run_dir": "<repo>/results/ifc/minimax_MiniMax-M2.7_20260417_145959",
  "judge": "minimax",
  "metrics": {
    "total": 203,
    "correct": 132,
    "wrong": 59,
    "abstained": 12,
    "errors": 0,
    "accuracy": 0.6910994764397905,
    "abstention_rate": 0.059113300492610835,
    "faithfulness_rate": 0.8219895287958116,
    "completeness_rate": 0.9259259259259259,
    "transparency_rate": 0.8324607329842932,
    "relevance_rate": 1.0,
    "total_input_tokens": 418926,
    "total_output_tokens": 190374,
    "total_duration": 1654.04,
    "by_category": {
      "1": {
        "count": 37,
        "correct": 25,
        "wrong": 12,
        "abstained": 0,
        "accuracy": 0.6756756756756757
      },
      "2": {
        "count": 101,
        "correct": 63,
        "wrong": 34,
        "abstained": 4,
        "accuracy": 0.6494845360824743
      },
      "3": {
        "count": 22,
        "correct": 13,
        "wrong": 4,
        "abstained": 5,
        "accuracy": 0.7647058823529411
      },
      "4": {
        "count": 43,
        "correct": 31,
        "wrong": 9,
        "abstained": 3,
        "accuracy": 0.775
      }
    }
  }
}