{
  "run_dir": "<repo>/results/sql/minimax_MiniMax-M2.7_20260421_070248",
  "judge": "minimax",
  "metrics": {
    "total": 203,
    "correct": 151,
    "wrong": 44,
    "abstained": 3,
    "errors": 5,
    "accuracy": 0.7743589743589744,
    "abstention_rate": 0.015151515151515152,
    "faithfulness_rate": 0.8512820512820513,
    "completeness_rate": 0.9128205128205128,
    "transparency_rate": 0.9538461538461539,
    "relevance_rate": 0.9897435897435898,
    "total_input_tokens": 414446,
    "total_output_tokens": 208995,
    "total_duration": 4361.030000000001,
    "by_category": {
      "1": {
        "count": 37,
        "correct": 32,
        "wrong": 5,
        "abstained": 0,
        "accuracy": 0.8648648648648649
      },
      "2": {
        "count": 101,
        "correct": 70,
        "wrong": 28,
        "abstained": 1,
        "accuracy": 0.7142857142857143
      },
      "3": {
        "count": 22,
        "correct": 15,
        "wrong": 5,
        "abstained": 1,
        "accuracy": 0.75
      },
      "4": {
        "count": 43,
        "correct": 34,
        "wrong": 6,
        "abstained": 1,
        "accuracy": 0.85
      }
    }
  }
}