{
  "run_dir": "<repo>/results/sql/minimax_MiniMax-M2.7_20260418_223055",
  "judge": "minimax",
  "metrics": {
    "total": 203,
    "correct": 137,
    "wrong": 27,
    "abstained": 17,
    "errors": 22,
    "accuracy": 0.8353658536585366,
    "abstention_rate": 0.09392265193370165,
    "faithfulness_rate": 0.8902439024390244,
    "completeness_rate": 0.9320987654320988,
    "transparency_rate": 0.926829268292683,
    "relevance_rate": 0.975609756097561,
    "total_input_tokens": 369510,
    "total_output_tokens": 157341,
    "total_duration": 2860.9799999999996,
    "by_category": {
      "1": {
        "count": 37,
        "correct": 29,
        "wrong": 4,
        "abstained": 3,
        "accuracy": 0.8787878787878788
      },
      "2": {
        "count": 101,
        "correct": 61,
        "wrong": 17,
        "abstained": 2,
        "accuracy": 0.782051282051282
      },
      "3": {
        "count": 22,
        "correct": 17,
        "wrong": 0,
        "abstained": 5,
        "accuracy": 1.0
      },
      "4": {
        "count": 43,
        "correct": 30,
        "wrong": 6,
        "abstained": 7,
        "accuracy": 0.8333333333333334
      }
    }
  }
}